PC,Proportion.Variance.Explained
1,0.10614803933167954
2,0.022585966136279396
3,0.0029663005136054375
4,0.002002478004821572
5,0.0016901215453660036
6,0.001358553471935019
7,0.0010420606079138582
8,0.0010162755282080824
9,0.0009332407045987885
10,0.0008881846068316892
