PC,Proportion.Variance.Explained
1,0.07076755504964806
2,0.030416269299062708
3,0.0023403810273352967
4,0.0016782124129081
5,0.00151399623055506
6,0.0012567648678231728
7,0.0011633250950460127
8,0.0010912297598024384
9,0.0009634387915067071
10,0.0007092738509124267
